title,full_text,generated
카호올라웨섬,"카호올라웨섬은 하와이 제도를 구성하는 8개의 화산섬 가운데 하나로 면적은 115.5km2, 높이는 452m이다. 하와이 제도에서 가장 작은 화산섬이자 무인도이며 길이는 18km, 너비는 10km이다.
 마우이섬에서 남서쪽으로 약 11km 정도 떨어진 곳에 위치하며 라나이섬의 남동쪽에 위치한다. 고도가 낮고 북동쪽에서 불어오는 무역풍을 통해 산악 지대에서 내리는 비를 형성하지 못하기 때문에 건조한 기후를 띤다. 마우이섬 화산의 비그늘에 속해 있기 때문에 섬 전체 면적의 1/4 이상이 부식되어 있다.
 1000년경부터 사람이 거주했으며 해안 지대에는 소규모 임시 어촌이 형성되었다. 섬 안에는 주민들이 돌로 만든 제단에서 종교 의식을 거행한 흔적들, 주민들이 암석이나 평평한 돌에 그림을 그린 흔적들이 남아 있다. 1778년부터 1800년대까지 이 지역을 지나 항해하던 사람들의 보고에 따르면 카호올라웨섬은 무인도였고 나무도 물도 없는 불모지였다고 한다.
 1830년대에는 하와이 왕국의 카메하메하 3세 국왕에 의해 남자 죄수들의 유형지로 사용되었지만 1853년에 폐지되었다. 1858년에는 하와이 정부가 목장 사업가들에게 카호올라웨섬을 양도했지만 가뭄과 과도한 방목으로 인해 땅이 말라갔다. 또한 강한 무역풍으로 인해 표토의 대부분이 날아가면서 붉은 경반층만 남게 되었다.
 1910년부터 1918년까지 하와이 준주가 섬의 원래 모습을 복원하기 위해 이 섬을 천연보호구역으로 지정했지만 큰 성과를 거두지 못했다.
 1941년 12월 7일에 일어난 일본 제국 해군의 진주만 공격을 계기로 카호올라웨섬은 태평양 전쟁에 참전한 미국 병사들의 훈련소로 사용되었다. 1981년 3월 18일에는 미국 국립사적지에 등재되었다.",0
청색거성,"천문학에서 청색거성(靑色巨星, )은 광도 분류에서 III형(거성) 또는 II형(밝은 거성)인 뜨거운 별이다. 이러한 별들은 표준 헤르츠스프룽-러셀 도표에서 주계열의 약간 오른쪽 위에 놓여있다.
 용어는 각자 다른 진화 단계에 있는 여러 가지 별에 적용되는데, 이들 모두 주계열에서 진화한 별이지만 약간씩 다른 공통점을 가진다. 그래서 청색거성은 특정한 유형의 별보다는 단순하게 HR 도표의 특정 영역에 있는 별을 표현한다. 청색거성은 무겁고 덜 흔한 별에서 진화하며, 이 단계에서의 수명이 짧기 때문에 적색거성보다 훨씬 희귀하다.
 청색거성이라는 명칭은 종종 매우 크고 뜨거운 주계열성과 같이, 다른 무겁고 밝은 별을 일컫는데 잘못 사용되기도 한다.
 청색거성은 엄격히 정의된 단어가 아니어서 서로 다른 다양한 유형의 별에 폭넓게 사용되었다. 이들이 가진 공통점은 동일한 질량 및 온도의 주계열성과 비교해서 크기와 광도가 조금 증가했다는 점과, 청색으로 불리기에 충분하는 점이다. 이는 분광형이 O형, B형, 때때로 A형 초반임을 의미한다. 이들의 표면온도는 약 10,000 K 이상이고, 영년 주계열성일 때의 질량은 태양(M)보다 두 배 이상 크며, 절대등급은 0등급 이상이다. 이러한 별들의 반지름은 태양의 반지름(R)의 100배까지인 적색거성에 비해서, 고작 5~10배이다.
 청색거성으로 표현되는 매우 차갑고 어두운 별은, 적색거성 단계를 지난 중간 질량의 별이 현재 핵에서 헬륨을 연소하고 있는 단계인 수평가지에 있다. 질량과 화학 조성에 기반하여 이러한 별들은 서서히 청색쪽으로 이동한다. 중심핵에의 헬륨이 고갈되면 다시 적색쪽으로 이동하여 점근거성가지(AGB)에 위치하게 된다. 보통 분광형 A형의 거문고자리 RR형 변광성은 수평가지의 중간 쪽에 위치하는데, 거문고자리 RR형 변광성보다 뜨거운 수평가지의 별은 보통 청색거성으로 간주된다. 때때로 거문고자리 RR형 변광성 자체도 일부가 F형이라도 청색거성으로 불리기도 한다. 매우 뜨거운 청색수평가지(BHB)의 별들은 극수평가지(EHB) 별로 불리는데, 동일한 광도의 주계열성보다 뜨겁다. 그런 경우에 청색거성보다는 청색준왜성(sdB)이라고 불린다. 이는 주계열성일 때와 비교해서 증가한 광도와 온도 대신에 HR 도표에서 주계열의 왼쪽에 위치해 있어서 붙인 이름이다.
 거성에 대해서 명확한 최대 한계는 없지만, O형 초반의 주계열성과 그와 거의 동일한 크기와 온도의 초거성을 별도로 분류하는데 점점 어려워지고 있다. 적당한 예로 50 M, 30,000 K를 넘으며 태양의 광도(L)의 10만 배가 넘는 O형 거성 둘로 구성된 근접쌍성인 플라스켓의 별이 있다. 천문학자들은 적어도 별 중 하나를 선 스펙트럼에서의 미묘한 차이에 근거해서 초거성으로 분류해야 할지 말지 아직도 의견이 분분하다.
 HR 도표의 청색거성 영역에서 발견되는 별은 일생에서의 단계가 각자 크게 다를 수 있으나, 모두 중심핵의 수소 연료를 거의 고갈한 후주계열성이다.
 가장 간단한 경우에서 뜨겁고 밝은 별은 중심핵의 수소가 고갈될 때 팽창하기 시작하여 점점 밝고 차가워지면서 처음에는 청색준거성이 되고 나중에 청색거성이 된다. 중간 정도의 질량을 가진 별들은 적색거성이 될 때까지 팽창과 냉각을 지속할 것이다. 무거운 별 역시 수소껍질연소 과정으로 계속 팽창하지만, 거의 일정한 광도로 HR 도표에서 수평 방향으로 이동한다. 이리해서 이들은 적색초거성이 될 때까지 청색거성, 청색휘거성, 청색초거성, 황색초거성 단계를 빠르게 통과한다. 이러한 별들의 광도 분류는 별의 표면중력에 민감한 선 스펙트럼으로 결정되는데, 크게 팽창한 밝은 별은 I형(초거성), 어느정도 덜 팽창한 밝은 별은 II형 또는 III형으로 분류된다. 많은 청색거성은 수명이 짧은 무거운 별이기 때문에 어린 별들로 느슨하게 속박된 큰 별무리인 O-B 성협에서 발견될 수 있다.
 BHB 별은 아직 커다란 수소껍질을 가지고 있다 해도 더 진화하여 헬륨 연소핵을 가진다. 또한 이들은 약 5~10M의 적당한 질량을 가지고 있기 때문에 더욱 무거운 청색거성보다 훨씬 오래된 경우가 많다. BHB는 주로 오래된 성단의 색-등급도에서, 헬륨 연소핵을 가지는 동일한 연령의 별들이 거의 같은 밝기에 온도가 다르게 발견되는 수평 영역에서 이름 붙여졌다. 또한 이러한 별들은 일정한 광도에 온도가 증가하면서 헬륨 연소핵 단계를 통과하여 진화하는데, 나중에 다시 AGB로 이동함으로써 온도는 감소한다. 그러나 수평가지의 청색 끝부분에서는 어두운 별의 ""청색 꼬리""(""blue tail"")와, 가끔 훨씬 더 뜨거운 별들의 ""청색 갈고리""(""blue hook"")가 만들어진다.
 보통 청색거성으로 불리지 않는 더 진화한 뜨거운 별들도 있는데, 매우 밝고 극단적인 온도에 주로 헬륨과 질소 방출선으로 구별되는 울프-레이에 별과, 행성상성운을 형성하며 울프-레이에 별과 유사하지만 그보다 작고 가벼운 후-AGB 별이 있다. 그밖에도 성단의 주계열에서 뚜렷하게 관측되는 밝은 청색 별로 이러한 광도의 주계열성은 성단의 나이를 따지면 이미 거성이나 초거성으로 진화했어야 하는 청색낙오성과, 청색거성을 지나서 진화한 매우 무거운 별으로 스펙트럼의 큰 팽창 효과로 구별되는 청색초거성이 있다.
 순전히 이론적인 영역의 별은 적색왜성이 최종적으로 수조 년이 지난 미래에 중심핵의 수소를 소진할 때 형성될 것이다. 적색왜성은 중심부까지 대류하여 헬륨을 더욱 더 응집함으로써 종래에 더 이상 핵융합을 유지할 수 없어 백색왜성으로 빠르게 붕괴할 때까지 매우 느리게 온도와 광도가 증가하는 것으로 추측된다. 이러한 별들이 태양보다 뜨거워질 수 있기는 해도 그보다 밝아질 수는 없다. 그래서 이들은 우리가 보는 오늘날에 보는 청색거성이라고 할 수 없다. 그러한 별들은 쉽게 혼동될 수 있어도 청색왜성이라고 이름 붙여졌다.",0
엘자스-로트링겐 평의회 공화국,"엘자스-로트링겐 평의회 공화국은 1차대전 말기 독일 혁명 와중에 엘자스-로트링겐에서 수립된 단명한 평의회 공화국이다.
 엘자스-로트링겐 출신 병사들은 1918년 초부터 이미 불온한 낌새를 보이기 시작하여, 1918년 5월 12일 베베를로 기지에서 알자스인 병사들의 항명반란이 일어나기도 했다.
 1918년 10월, 독일 황립해군의 수병들이 영국 왕립해군과 싸우기 위해 출항하라는 명령에 항명하면서 킬 군항의 반란이 터졌고, 군항을 접수한 수병들이 노동조합원들과 합류한 뒤 독일 전역으로 혁명이 확산됨으로써 불과 며칠 사이 군주정이 전복되었다. 당시 엘자스인 및 로트링겐인 병사 15,000 명이 해군에서 복무하고 있었고, 그들 중 상당수가 군항반란에 참여한 뒤 고향에서도 혁명을 일으키고자 했다.
 11월 8일, 바이에른에서 평의회 공화국이 선포되었다는 소식이 엘자스의 수도 슈트라스부르크에 전해졌고, 여기에 영감을 받은 수천 명의 시위자들이 슈트라스부르크의 중앙광장인 클레베르 광장을 행진했다. 북독일에서 열차를 타고 귀환하던 엘자스-로트링겐 출신 수병들은 켈 교량에서 왕당파 장교들에게 가로막혔고, 왕당파 측이 사격을 가하여 수병들 중 한 명이 사망했으나 결국 혁명군이 켈을 접수했다. 이후 슈트라스부르크에서 엘자스-로트링겐 전역으로 혁명이 확산되었고, 슈트라스부르크, 하게나우, 뮐하우젠, 슐레트스타트, 콜마르, 메츠 등 도시들에 평의회가 세워졌다.
 수병들은 슈트라스부르크 병사평의회를 설치하고 도시 행정을 접수했다. 이후 양조장 노동조합이 참여하여 노동자-병사 평의회가 수립되었고, 대성당 첨탑을 비롯한 도시 전역에 적기가 휘날렸다. 사면령이 선포되고, 언론의 자유가 천명되었다. 공장 노동자들은 임금인상을 요구하며 파업했고, 평의회는 공장주들의 반대를 묵살하고 임금을 인상했다. 독일사회민주당 슈트라스부르크시당 지도자였던 자크 페로테는 프랑스군 장군들에게 군대를 보내 질서를 바로잡아 달라고 요청했다.
 11일 뒤, 프랑스군이 엘자스-로트링겐을 점령하고 합병했다. 앙리 조제프 외젠 구로 장군의 제4군 병사들이 11월 22일 슈트라스부르크 교외에 도달했고, 파업을 무력으로 분쇄한 뒤 좌익 선동자들을 체포했다. 프랑스 제3공화국은 엘자스-로트링겐 인민들이 스스로 쟁취한 자치를 박탈하고 프랑스적 중앙집권으로 동화시켰다.",0
윌리엄 페니 브룩스,"윌리엄 페니 브룩스(, 1809년 8월 13일 ~ 1895년 12월 11일)는 잉글랜드의 교육자로 1850년에 처음 열렸으며 1860년부터는 1년마다 개최하는 웬록 올림픽의 창시자이기도 하다. 설립 이전에는 외과의, 행정판사, 식물학자등으로 일하기도 했다. 브룩스는 잉글랜드의 슈롭셔주에 있는 작은 마을인 웬록에서 태어나고 자라고 일하고 죽었다. 하지만 이탈리아와 프랑스에 유학을 간 적도 있었다. 학교 과정에 신체적인 활동을 넣기 위한 그의 적극적인 활동이 쿠베르탱과 만날 기회를 주었다. 이 젊은 프랑스인 귀족은 1890년에 웬록을 방문해서 브룩스와 같이 묵었다. 웬록 마을에서는 바론을 위해 특별히 가짜 경기(웬록 올림픽)를 선보이기도 했으며 이것에 감명을 받은 쿠베르탱은 브룩스와 토론을 나누었다. 그 결과, 1894년에는 IOC를 설립했으며 IOC는 1896년에 아테네에서 열린 하계 올림픽을 주관했다.
 브룩스 박사는 사회 개혁가로 그가 '모든 부류의 사람'이라고 부르는 자들에게 정신적, 신체적으로 걸맞은 지식을 접할 수 있도록하는 캠페인을 쉼없이 벌였다. 1859년에는 올림피안 클래스라는 명칭을 웬록 올림픽 게임으로 변경했다. 또한 영국에서는 예전까지는 이러한 류(類)의 대회에는 귀족층과 같은 엘리트들만 참가할 수 있었던 것에 반해서 브룩스 박사는 노동자들도 참가할 수 있도록 유도했다.
 윌리엄 페니 브룩스는 그의 아버지인 윌리엄 브룩스가 의사로 있던 웬록에서 태어났다. 그는 런던에서 의학을 배웠으며 16세기 중세에 있던 허브 정원으로 유명한 이탈리아의 파도바로 가서 흥미를 갖고 있던 약초학과 식물학을 배웠다. 파리의 소르본대학교에서 더 공부를 하던 중에 부친이 사망했다는 소식을 듣고 1831년에 웬록으로 돌아와서 그의 아버지가 남겨놓은 거대한 의학 실험 및 가족들과 함께 살게되었다.
 그의 식물 표본집은 웬록 박물관에 전시되었다. 지역 활동에도 활발히 참가해서 1841년에는 치안판사가 되어서 거의 40년간 활동했다. 그 활동으로 인해 그는 주취자나 강도와 같은 지역사회에서 일어나는 잡다한 사건과 직면하게 되었으며 이로 인해 체계적인 신체적 운동과 노동자를 위한 교육을 발달시킨다는 그의 열망을 더욱 끓어오르게 했다. 미술, 음악, 식물학과 같은 다양한 강좌도 만들어졌으며 후에는 웬록 올림피안 클래스도 만들어졌다.. 브룩스 박사가 개설한 모든 강좌와 도서관은 '모든 사람'에게 열려있었다. 브룩스 박사는 이러한 행위로 인해 비난받았다.
 이것은 급격히 확산돼서 몇 년도 채 안돼서 런던과 리버풀에서도 선수들이 모이기 시작했다.
 브룩스 박사는 친그리스 주의여서 고대 그리스 사회에서 시행되었던 민주적 절차들(모든 남성들은 투표가 가능하다, 정치 및 스포츠에 적극적 참여가 가능하다등)을 엄청나게 좋아했다. 고대 올림픽은 모든 계층의 남성들에게 열려있었으며 젊은 남성에게는 이기고자 하는 욕망과 자신감을 불어넣어 줄 수 있었다. 18세기 중반의 영국에서는 사립학교에 교육비를 내는 아이나 전문직종을 가진 자의 아이만 스포츠 경기에 참가할 수 있었다. 브룩스 박사는 고대 올림픽의 정신을 갖고 있어서 모든 계층의 사람들이 경기에 참가할 수 있도록 유도했다.
 웬록 올림픽이 1859년에 처음 열렸을 때 브룩스 박사에게 많은 비난이 쏟아졌다. 왜냐하면 이 경기가 '모든 계층의 사람'에게 참가가 허용되었기 때문이다. 비난자들은 이러한 경기가 반항적이고 음탕한 행동을 야기시켜서 남편들이 아내한테서 떠날 수 있다고 생각했다. 브룩스 박사는 쉴 새 없이 공립학교의 학생과 교수들의 자제만 경기에 참가하게 해달라는 요청을 거절했다. 이 경기는 엄청난 성공을 받았으며 협박과 방해 공작도 더 이상 발생하지 않았다.
 그 후에는 시의 경제적 번영을 위해 웬록에 철도를 가져다 놓기도 했다. 첫 시험 운행은 웬록 올림픽이 열리는 날에 오게 해서 버밍햄과 울버햄튼 쪽 선수들이 제 때 올 수 있도록 했다. 이 때 브룩스 박사는 젊은 노동자들이 참가할 수 있도록 기차표를 공짜로 하도록 또 다시 주장했다. 보다 넓은 지역에서 오는 선수들로 인해 더욱 경쟁적이고 재미있는 경기가 되었으며 앞으로의 경기를 위한 신체적 훈련의 필요성 또한 생기게 되었다.
 브룩스는 1859년에 아테네에서 열리는 고대 올림픽 부흥 경기를 지원하는자인 에방겔리스 자파스와 만났다. 1860년에는 올림피안 클래스가 웬록 올림픽 공동체로 되어서 자파스 올림픽에 참가했던 선수들의 참가를 허용했다. 기록에 의하면 첫 번째 선수는 피트로스 벨리사리우(Petros Velissariou, 오토만 제국의 스미느라 태생.)로 첫 번째 국제 올림픽 선수였다. 1865년에 브룩스는 리버풀에 기반을 둔 국가 올림픽 위원회(NOA)를 설립하는데 도움을 주었다. 국내에 한하긴 했지만 이들의 첫 올림픽은 1866년에 런던의 수정궁에서 열려서 10,000명 이상의 관객을 끌어모으는 성공을 기록했다. 유명한 크리켓 선수인 W.G. 그레이스는(당시는 그가 유명해지기 전이다) 허들 경기에 참가했다. 현재의 아마추어 선수 연맹인 아마추어 선수 클럽은 NOA의 경쟁상대로써 구성되었다. 1877년에는 빅토리아 국왕의 기념식에 대한 뜻으로 그리스에게 올림픽과 관련된 무엇인가를 선물로 달라고 요청했다. 그에 대한 응답으로 요르요스 1세는 시루즈베리에서 열린 올림픽 대회 때의 은색 컵을 선물로 주었다. 이로 인해 브룩스는 그리스 정부와도 만남을 가졌지만 아테네에서 1881년에 국제 올림픽 페스티벌을 연다는 계획은 무위로 돌아가버렸다.
 브룩스는 지역 사회의 또다른 활동에도 많이 참가했다. 그는 마을에 처음으로 전기를 공급한 웬록 가스 회사의 회장으로 1856년에 취임했다. 1861년에는 웬록행(行) 기차가 처음 왔을 때와 웬록 올림픽이 우연히 동시에 열리기도 했다.
 1871년에는 커리큘럼에 교련과 체육을 넣은 웬록 국립 학교를 운영했다. 그는 학교에 다니는 어린이들이 농장일이나 채석장일 같이 힘 쓰는 일을 할 것이며 신체적인 힘은 정신적인 능력만큼이나 중요하다고 여겼다..
 브룩스가 교육일에 종사할 때 그는 항상 최고의 선생을 찾으러 다녔다. 그러므로 그 당시에는 약초학과 식물학을 공부하기에는 제격이며 중세 허브 정원에 의대가 있던 파도바에 갔다. 소르본으로도 가서 선생을 찾아보기도 했다. 이것은 현재 보면 매우 선구자적인 자세로 1830년대에 유럽에서 좋은 선생을 찾아 이리저리 다니는 것은 흔치않은 일이었을 것이다. 브룩스는 정신과 신체의 관계성을 찾는데 시간을 보냈다.
 1889년에는 체육활동 국제 의회를 설립한 쿠베르탱을 웬록에 초대했다. 윌리엄 페니 브룩스와 바론 드 쿠베르탱의 접견은 레이븐 호텔에서 이루어졌으며 현재 레이븐 호텔에는 그당시의 많은 유품들이 남아있어서 쿠베르탱이 브룩스에게 직접 보낸 편지 원본도 있다. 웬록 올림픽의 만남은 1890년에도 열렸으며 많은 장관을 연출했다. 프랑스로 돌아오는 길에 쿠베르탱은 그가 머물렀던 것에 대해 ""Les Jeux Olympiques à Much Wenlock""라는 기사에 강렬한 설명을 했으며 올림픽의 재건에 대한 그의 주장도 나타났다. 그는 이렇게 썼다. ""만약 그리스에서 올림픽이 오늘날까지도 열릴 수 없다면 그것은 그리스인 때문이 아니라 W P 브룩스 때문이다."" (이것은 논쟁의 대상인데 국제 올림픽 대회는 그리스에서 1859, 1870, 1875년에 아테네어셔 열렸으며 에방겔리스 자파스가 지원한 1859년 대회 때의 프로그램은 후에 웬록 올림픽 때 쓰인다.) 비록 쿠베르탱이 브룩스의 영향을 얕보기는 했어도 그와 몇 년간 더 만났으며 웬록 올림픽 때 쓸 금메달을 보내주기도 했다.
 안타깝게도 브룩스는 IOC의 주관하에 개최된 1896년 하계 올림픽이 열리기 불과 네 달전에 사망했다.
 웬록 올림픽 공동체는 그의 최초 이상을 유지하기 위해서 현재도 1년마다 대회를 열고 있다. 웬록에 있는 윌리엄 브룩스 학교는 그의 이름을 따라 지은 것이다.",0
미그로,"미그로 또는 미그로스(""Migros"")는 스위스 최대 소매 회사이자, 최대 슈퍼마켓 체인이자, 최대 고용주이다. 또한 세계에서 가장 큰 40대 소매업체 중 하나이다. 조합원 200만 명 이상의 협동조합 연합(미그로스 협동조합 연합) 형태로 구성되어 있다.
 1975년 미그로 스위스에서 독립한 터키 최대 소매업체 ""미그로 튀르크""(Türk)를 공동 설립했다.
 이름은 ‘절반’ 또는 ‘중간’을 의미하는 프랑스어 ‘""mi""’와 ‘도매’를 의미하는 ‘""gros""’에서 유래한다. 따라서 이 단어는 ‘소매’와 ‘도매’의 중간 가격을 의미한다. 회사의 로고는 큰 오렌지색 M이다.
 고틀리프 두트바일러는 당시 어떤 종류의 시장에 접근할 준비가 되어 있지 않은 집주인에게 6가지 기본 식품을 저렴한 가격으로 판매할 생각을 가지고 있었다. 처음에 그는 한 마을이나 작은 마을에서 다른 마을로 이동하는 5대의 트럭에서 커피, 쌀, 설탕, 파스타, 코코넛 지방, 비누만을 팔았다. 중간 거래와 그 마진을 줄이려는 전략은 생산자들이 그를 보이콧하도록 부추기는 경쟁자들의 광범위한 저항으로 이어졌다. 이러한 위협에 대한 대응으로 미그로는 육류, 우유 및 초콜릿으로 시작하는 자체 제품 라인을 만들기 시작했다.
 나중에 그와 그의 운전자는 재고를 확장했고 1926년에 고틀리프 두트바일러도 취리히에 첫 번째 시장을 건설했다. 티치노에 있는 그의 두 번째 매장은 협동조합으로 설립된 미래를 예고했다. 1941년까지 정력적인 기업가는 많은 시장을 구축했지만, 그해에 그는 기본적으로 그의 개인 소유 사업에서 미그로스 협동조합 연합(""Migros-Genossenschafts-Bund"")이 이끄는 지역 협동조합(regional cooperatives)으로 모든 것을 변화시킴으로써 그의 고객들에게 사업을 주었다.
 1935년에 두트바일러는 호텔플랜(Hotelplan) 여행사를 설립하여 확장에 대한 열정을 보여주었다. 1942년 미그로 브랜드는 주간지 비르 브뤼켄바우어(현재 미그로 매거진으로 알려짐)에 적용되었다.
 1948년 경제학자 엘사 가서(""Elsa Gasser"")는 두트바일러에게 미그로 매장에 셀프 서비스 접근 방식을 도입하도록 설득하여 스위스에서 가장 성공적인 슈퍼마켓 체인의 발전을 위한 토대를 마련했다.
 배는 고틀리프 두트바일러의 아내인 Adele 두트바일러에 의해 명명되었다.
 1954년 미그로는 터키 시장에 진출하여 이스탄불 시의회와 협력하여 미그로 튀르크를 설립했다. 이것은 1975년 터키 대기업 코치 홀딩(Koç)에 매각되었으며 튀르키예에서 가장 큰 소매업체이다. 2008년과 2011년 사이에 코치 홀딩은 미그로 튀르크 주식의 대부분을 BC 파트너스에 매각했다.
 미그로는 1993년 프랑스 국경 지역의 투와리(Thoiry)에 최초의 외국 슈퍼마켓을, 1986년에는 장크트갈렌의 압트빌(Abtwil)에 최초의 레크리에이션 공원인 센티스파크(Säntispark)를 열었다.
 1995년 미그로는 유기농 라벨 “미그로 비오”(Migros Bio)를 도입했다(스위스 제품은 비오 스위스 지침을 따른다). 2017년에는 최소 90%의 스위스 성분을 함유한 유기농 제품에 대한 특정 라벨을 추가했다(""미그로 비오 스위스"").
 2012년 10월 미그로는 헤시안 식품매장 체인 테쿠트(Tegut)를 인수하여 독일 시장에서 확장했다. 같은 해 미그로는 독일 유기농 슈퍼마켓 체인인 알나투라(Alnatura)의 첫 스위스 매장을 오픈했다. 그러나 2013년에 회사는 2013년 10월부터 독일의 미그로 브랜드 매장 4곳을 REWE 소매 그룹에 매각한다고 발표했으며, 이는 1995년(뢰라흐) 이후에 설립되었다.
 2016년 미그로는 체크아웃 시 무료 비닐봉지 배포를 점진적으로 중단할 것이라고 발표했다. 미그로는 이전에 2013년부터 보주에서 이 법안을 테스트했다. 그들은 유통되는 비닐봉지의 수를 90% 줄였다( 연간 100,000 프랑을 절약했다). 미그로는 2016년 11월 1일에 전국적으로 처음으로 이 조치를 도입했다.(가방은 재활용 플라스틱으로 만들어지며, 비용은 각각 0.05 스위스 프랑) 또한 유상 가방으로 돈을 벌지 않고 판매 수익을 환경 사업에 투자하겠다고 밝혔다.
 고틀리프 두트바일러는 고객의 건강이 염려되어 미그로가 알코올 음료나 담배를 판매하지 않기로 결정했다. 오늘날에도 여전히 그렇다. 미그로 그룹이 소유한 데너(Denner)는 알코올 음료와 담배를 판매한다.
 다음은 미그로의 몇 가지 특성과 “책임감 있는” 철학에 대한 요약이다.
 아델레와 고틀리프 두트바일러는 법적 구속력이 없지만, 미그로의 윤리적 유산인 “15개 논제”(1950)도 썼다. “지역사회에 봉사한다”는 목표, “우리가 공언하는 일반 원칙은 경제의 중심에 사람을 두는 것”, “일반 이익은 미그로 협동 조합의 이익보다 더 높게 배치될 것이다”와 같은 가치와 지침이 포함되어 있다.
 2021년 미그로는 슈퍼마켓에서 주류 판매를 고려하기 시작했다. 협동조합의 분권화와 민주적 구조로 인해 2022년 6월까지 문제가 결정되지 않을 수 있다.
 오늘날까지 미그로는 협동조합 사회를 조직 형태로 유지하고 있다. 오늘날 스위스 인구의 많은 부분이 미그로 협동조합의 회원이다. 스위스 전체 인구 720만 중 약 200만 명이 미그로를 고객 소유의 슈퍼마켓 체인으로 만든다. 상품 구색의 90% 이상이 미그로의 90개 자회사에서 생산된다.
 설립자의 이타주의를 반영하여 미그로는 요리, 언어 및 기타 과목에 대한 수업을 제공하는 일하는 성인을 위한 여러 야간 학교를 운영한다. 그것은 넓은 의미에서 문화 프로젝트 자금 조달을 위해 연간 매출의 1%를 지출할 의무가 있다. 문화 비율 활동의 한 예로 스위스 음악 역사에서 거의 알려지지 않은 작품을 자주 선보이는 자체 음반사 뮤직 스위스(Musiques Suisses)를 들 수 있다.
 슈퍼마켓은 M, MM 및 MMM의 세 가지 크기 등급으로 분류된다. 회사의 충성도 카드는 M-적운 카드이다. (누적이라는 단어와 일종의 구름 형성에 대한 플레이)
 미그로는 1977년 내부 비평가인 한스 A. 페스탈로치를 해고하면서 악명을 얻었다.
 M-버짓과 미스로스 셀렉션.
 1996년 호주 슈퍼마켓 체인의 예산 범위에 영향을 받아 미그로는 저소득층과 대가족을 대상으로 하는 70개의 제품으로 M-Budget이라는 예산 범위를 만들었다. 지금은 산악 자전거, 스노보드, mp3 플레이어, 밀크 초콜릿, 청바지, 신발 및 라이터를 포함한 330개의 제품으로 성장했다. M-버짓 제품은 잔디 녹색 배경에 작은 흰색 텍스트의 미그로 로고가 반복되는 표준화된 포장 색상 구성표를 가지고 있다.
 이러한 제품의 대부분은 미그로 라인의 통합적이고 영구적인 부품이 아니라 제한된 수량으로 생산된다. 영구화 여부는 성공 여부에 달려 있다. 이것은 미그로가 누리고 있는 상당한 브랜드 인지도와 결합되어 더 희귀한 제품에 어느 정도의 호감을 준다. 결과적으로 M-버짓 항목은 다시 생산될 것인지 항상 확신할 수 없기 때문에 수집품으로 간주되는 경우가 있다.
 범위를 홍보하기 위해 2000년대 초(10년) 미그로는 무료 무알코올 음료(콜라, 레모네이드 및 오렌지 주스)와 스낵(칩, 초콜릿, 케이크)을 포함하여 CHF 9.90의 티켓으로 M-버짓 파티를 개발했다.
 2005년 미그로는 Swisscom과 함께 종량제 MVNO 모바일 가상 네트워크 운영업체인 M-버짓 모바일을 출시했다.
 또한 2005년 미그로는 미그로 셀렉션이라고 하는 프리미엄 라인을 도입했다. 대부분의 식품은 일반적으로 일반 재고를 통해 구할 수 있는 것보다 더 높은 예산과 다양한 방식으로 준비된다. 셀렉션 제품은 또한 펄 화이트와 골드 색상의 독특한 패키지가 특징이다.
 2006년 4월 미그로는 미그로 협동조합 연합, GE 머니 뱅크 및 마스터카드 간의 이니셔티브인 M-버짓 신용 카드를 발표했다. 미그로 뱅크 마스트카드 아르젠트 신용 카드는 2006년 가을에 준비되었다. 미그로의 가장 큰 경쟁자인 콥이 연회비가 없는 신용 카드를 발표한 후 미그로는 연회비를 폐기했다. 미그로는 나중에 신용카드의 전체 세부 정보를 발표했으며, APR은 9.9%이고 적운 포인트(2프랑당 1포인트)를 얻을 수 있다.
 미그로 슈퍼마켓에서 판매되는 제품의 대부분은 대부분 스위스에서 자체 회사(M-Industry)에서 생산한다. 2017년 M-인더스트리는 32개 회사로 구성되어 있으며, 그 중 25개는 스위스에 있으며, 미그로 슈퍼마켓을 위해 20,000개 이상의 제품을 생산한다.
 M-인더스트리 회사는 다음과 같다.
 미그로의 주요 경쟁자인 콥(Coop, 스위스에서 두 번째로 큰 슈퍼마켓 체인)도 미그로와 같은 협동조합 구조를 가지고 있지만, 더 중앙 집중화된 조직을 가지고 있다. 더 작은 경쟁업체로는 매너 (Manor) 백화점 체인이 있으며, 최근에는 알디(Aldi)가 있다. 국제적으로 매우 큰 슈퍼마켓 그룹인 알디는 2005년에 첫 스위스 매장을 열었고, 2015년 현재 몇 개의 지점만 운영하고 있다. 추가 경쟁자인 리들 (Lidl)은 2009년 3월에 최초의 스위스 슈퍼마켓을 설립했다.
 2007년 1월 미그로는 데너(Denner)의 주식 70%를 인수하여 스위스에서 가장 크고 세 번째로 큰 식품 소매 체인을 효과적으로 합병했다. 두 회사에 따르면 데너 체인이 증가하는 외국 경쟁과 더 잘 경쟁하기 위해 이러한 이동이 이루어졌다고 한다.
 스위스 비영리 단체인 Sorgim과 같은 일부 비평가들은 미그로가 설립자 고틀리프 두트바일러의 이상과 합치되지 않는다고 주장한다. 그들은 협동조합이 한때 고틀리프 두트바일러가 상상했던 것처럼 조합원에 의해 민주적으로 관리되지 않는다고 말한다. 그 대신 각종 조례 개정을 통해 모든 주요 사업 문제와 정책을 결정하는 것은 이사회가 되었다는 주장이다.",0
강낙원 (체육인),"강낙원(姜樂遠)은 일제강점기와 대한민국 건국 초기에 활동한 체육인이다.
 강원도 춘천 출신으로 경성부에서 공부한 뒤 일본에서 검도를 배웠다. 이후 휘문고등보통학교와 연희전문학교 등에서 체육을 가르쳤다. 한국 검도와 유도의 선구자로 알려져 있다.
 이상재의 소개로 만나 결혼한 부인 오현주는, 1919년 발생한 3·1 운동 직후 투옥자들을 뒷바라지하는 자선 단체 혈성부인회를 조직한 신여성이었다. 두 유명한 독립운동가 김마리아와 오현주는 정신여학교 동창이었다. 이들은 상하이의 대한민국 임시정부의 지도를 받아 대한민국애국부인회를 결성해 활동했다.
 강낙원도 3·1 운동에 가담한 뒤 상하이로 건너가 임시정부를 방문했는데, 이를 계기로 독립운동과 군자금 모집에 회의를 느끼게 되었다. 그는 상하이 방문 후 부인에게 애국부인회에서 손을 뗄 것을 거듭 권유했고, 대구의 형사인 유근수를 데려와 오현주로 하여금 애국부인회의 조직과 활동을 털어놓게 하였다. 결국 오현주의 밀고로 애국부인회에 가담한 여성들이 대거 체포되어 대구로 압송되었다.
 이 사건으로 전국 조직이 와해된 애국부인회는 해체되었다. 두 사람의 행위는 1회성 밀정 활동이었으나, 몸담고 있던 조직을 배신한 것이었기에 일제 강점기 동안 많은 지탄을 받았다. 이 사건으로 강낙원 부부가 일본 경찰의 상금을 받아 집을 구입하고 부유하게 지냈다는 소문도 떠돌었다. 강낙원은 1921년에 한국 최초의 사설 도장인 조선무도관을 설립해 제자들을 가르치고 1927년 조선씨름협회를, 1934년에는 전조선아마튜어권투연맹을 창립하는 등 한국 체육계의 실력자로 부상했다.
 광복 후에도 대한검사회를 창설해 임시회장을 맡고, 대한청년단 최고위원을 지내는 등 활발한 사회 활동을 하다가, 1949년에 부인과 함께 반민족행위특별조사위원회에 의해 체포되었다. 당시 58세이던 강낙원은 “오현주를 이렇게 스파이로 만들어 함께 매족행위를 한” 인물로 묘사되었다. 그러나 반민특위가 경찰의 습격을 받고 해체되면서 처벌은 받지 않았다.
 2002년 민족정기를 세우는 국회의원모임이 광복회와 함께 선정한 친일파 708인 명단 중 밀정 부문에 선정되었다.",0
나리타 익스프레스,"나리타 익스프레스(, )는 동일본여객철도(JR 동일본)가 오후나 역(일부는 요코스카 역), 요코하마 역, 다카오 역(일부는 후지 급행선 가와구치코 역), 오미야 역, 이케부쿠로 역, 신주쿠 역, 시나가와 역 ~ 나리타 공항역 간을 운행하는 특별급행열차이다.
 나리타 국제공항(당시 신토쿄국제공항)과 도쿄 도심, 요코하마 및 도쿄 근교의 주요 도시들을 연결하는 열차로, 1991년 3월 19일에 운행을 개시하였다.
 초기에는 253계가 투입되었으며, 2009년 10월 1일부터 E259계로 교체를 시작하였고, 2010년 6월 30일부로 253계를 퇴역시켜 7월 1일부터는 E259계 열차로만 운행을 시작하였다.
 나리타 공항은 1978년 5월 20일에 개항하였는데, 그 당시 철도를 이용하여 공항에 가려면 게이세이 본선의 나리타 공항역(현 히가시나리타 역)에 내린 후, 버스로 갈아타야 했었다. 그러다가 당시 운수 대신(運輸大臣)이었던 이시하라 신타로가 지시하여, 건설이 중단된 나리타 신칸센의 노반과 역 등의 설비를 활용하여 1991년 3월 19일에 동일본여객철도 및 게이세이 전철의 공항 연계 철도 운행이 가능하게 하였고, 이에 맞추어 나리타 익스프레스의 운행도 시작되었다.
 2015년 5월 25일 현재의 운행 개황은 아래와 같다.
 기본적으로 도쿄에서 나리타 공항까지의 구간을 30분마다 운행을 하지만, 배차 간격이 1시간인 시간대도 있다. 대부분 열차는 도쿄역에서 객차를 분리 • 결합하는 경우가 많아 도쿄역에서 나리타 공항역 간은 최대 12량으로 편성이 된다. 도쿄역에서 분리된 열차는 요코하마 역, 오후나 역 방면과 시부야 역, 신주쿠 역, 이케부쿠로 역 방면으로 운행한다(공항 방면은 오후나 역과 이케부쿠로 역에서 온 열차가 도쿄역에서 결합하여 공항으로 간다).
 이 열차는 도심과 나리타 국제공항을 연결하는 공항 연계 열차이기 때문에, 일부를 제외하고는 도쿄역 ~ 공항 제2빌딩역 간의 모든 역을 무정차 통과한다. 그러나 아침에 운행하는 상행 열차와 저녁 이후의 하행열차는 지바 역, 요쓰카이도 역, 사쿠라 역, 나리타 역에도 정차한다(단, 일부 열차는 사쿠라 역을 통과한다). 도쿄역 ~ 나리타공항 역 간 최단 소요시간은 약 53분이다.
 개통 당초에는 전용 차량이었던 253계가 투입되었지만, 2009년 10월 1일부터 후속 차량인 E259계가 투입되기 시작하였으며, 2010년 6월 30일을 끝으로 기존 253계의 운행이 종료되었으며, 이후에는 모든 열차가 E259계로만 운행되고 있다.
 덧붙여, 윙 익스프레스가 나리타 익스프레스에 통합되었을 때(당시는 253계 운행 시절이었다), 며칠동안 운행할 253계 차량이 없어서 183계가 투입되었던 적도 있었다.
 좌석은 전부 지정석이다.
 253계가 운행했을 초창기에는 보통칸의 홀수 번호의 좌석과 짝수 번호의 좌석이 통로에서 분리되어 있었고 A-D가 박스석 단위로 굳어지는 등, 좌석 배열이 다른 특급 열차와는 많이 차이가 났다. 또한 다른 특급형 차량과 같은 배열이 된 이후에도 지정석권매기 등에서 이 열차의 특급권을 구매하는 경우 좌석의 세세한 위치를 승객이 원하는 대로 지정할 수 없었다. 그러다가 E259계로 전면 교체되면서 지정석권매기에서도 좌석의 세세한 위치를 직접 지정할 수 있게 되었다.
 또한, 대부분의 253계 보통칸 좌석 배열은 집단 맞선식(이전에는 박스 시트)이었기 때문에 승객들 중 절반은 역방향으로 앉아야 했으며, 대부분은 좌석의 리클라이닝 기능도 없었다. 그러나 E259계는 좌석에 리클라이닝 및 회전 기능이 있다.
 객실 밖 통로 및 컴퍼트먼트석(그린 개인실)을 제외하고는 차내는 운행 초기부터 금연으로 지정되어 있었다. 또한, 2003년 3월 1일부터 객실 밖 통로를 금연으로 지정하고, 그 대신 1~2량 정도 지정 흡연이 가능한 객차를 운행했지만, 2005년 12월 10일부터 흡연 가능 객차가 폐지되어, 차내는 전부 금연 구역이 되었다.
 차내 판매는 도쿄역 ~ 나리타공항 역 구간에서 실시되었지만, 2015년 3월 13일을 끝으로 차내 판매가 종료되었다. 개통 당초에는 그린차 이용객을 위한 무료 드링크 코너가 설비되어 있었지만, 보통칸 이용객이 무단으로 이용하는 일이 잦아져서 없어졌다.
 임시 열차는 나리타 익스프레스를 보조해주는 역할을 하지만, 투입된 차량이 나리타 익스프레스 전용 열차인 253계나 E259계가 아니라, 183계 및 E257계였기 때문에, 날개를 뜻하는 '윙'(ウィング)을 열차 명칭에 붙이는 경우가 많았다.
 차량은 183계 9량 편성 또는 6량 편성이 투입되었었다. 자유석과 그린차는 9량 편성에만 있었다.
 오미야 역 - 나리타 공항역 구간은 2001년 12월 1일부터 2004년 3월 13일까지 183계 8량 편성(전 좌석 보통칸 지정석)으로 운행되었다. 또한, 2002년 FIFA 월드컵 때에는 니가타 역 발착으로도 운행되었다.
 2007년 8월 10일부터 8월 19일까지는 신주쿠 역 ~ 나리타 공항역 구간을 운행했다. 그 당시에는 나리타 공항행 열차만 있었으며, 주오 쾌속선 ~ (오차노미즈 역) ~ 소부 완행선 ~ (긴시초 역) ~ 소부 쾌속선을 경유하여 운행했다. 도중 정차역은 아키하바라 역, 긴시초 역, 후나바시 역, 공항 제2빌딩역이었다. 또한, 정기권과 지정석 특급권의 조합으로 승차할 수 있었다. 열차는 E257계 500번대가 투입되었다.
 2008년 4월 25일부터 4월 27일까지는 하치오지 역 - 나리타 공항역 구간을 운행했으며, 나카노 역에도 정차했다. 차량은 E257계 0번대가 투입되었다. 또한, 4월 26일에 운행했을 때는 183계에서 썼던 로고 마크를 차량 앞면 표시기 위에 스티커로 붙이기도 하였으며, 8월 9일부터 8월 12일까지도 운행했는데, 그 때는 지바 역을 통과했다.
 다른 특급 열차가 운행하는 구간을 연장해서 운행하는 경우도 있었는데 이는 다음과 같다.
 운임, 요금, 승차 제도의 특례.
 많은 특급 열차가 B 특급 요금을 채용하고 있는 반면, 이 열차는 슈퍼뷰 오도리코처럼 B 특급 요금보다 비싼 A 특급 요금을 채용하고 있다. 그린 요금은 200km 이내만 설정되어 있으며, 항상 2060엔으로, 다른 열차와는 다른 체계를 사용하고 있으며, 나리타 공항역 • 공항 제2빌딩역 ~ 도쿄도 구내 구간처럼 100km 이하의 구간에서는 JR 동일본의 다른 열차보다 요금이 비싸다.
 또한 국제선 승객들을 겨냥한 공항 연계 열차이기 때문에 전 차량 지정석이며, 정기권과 특급권과의 연계 발매도 원칙적으로는 하지 않지만, 아침이나 저녁에 지바 역이나 나리타 역에 정차하는 열차, 저녁 이후에 도쿄역을 출발하는 요코하마 방면 하행 열차의 경우에는 일부 구간에서 예외로 정기권 승차를 허용하고 있다.
 또한 전 차량 지정석이므로, 좌석 지정 특급권이나 만석 시에 발권되는 입석 특급권으로 승차하게 되어 있었으나, 2015년 3월 14일부터 판매 방법이 변경되었다. 입석 특급권은 폐지되었으며, 좌석 지정 특급권 이외에 조반 선 특급 '히타치', '도키와'처럼 승차일과 승차 구간만 지정하고, 좌석은 지정하지 않는 좌석 미지정권의 판매가 개시되었다.
 2017년 3월 4일부터 후지 급행선 구간을 이용하더라도 특급 요금이 필요하게 되었다. 특급 요금은 후지 급행선 내의 특급열차 '후지산 특급', '후지산 뷰 특급'과 같은 요금 체계가 적용되며, JR선과 같이 이용할 경우 JR의 특급 요금과 합산된다. 단, 후지산 역 ~ 가와구치코 역 구간만 이용할 경우 특급 요금이 필요하지 않다. 이는 후지 급행선 내의 모든 특급열차에 해당된다.
 또한, 2005년 12월 9일까지는 그린차 컴파트먼트석에 대하여 승차 7일전부터 그린 컴파트먼트권 및 특급 요금 할인을 받을 수 있는 ""N'EX 그린 개인실 요금권""(N'EXグリーン個室料金券)이라는 특별 기획 승차권이 있었다. 이 승차권은 모든 열차에 적용되어 있었으며, 나리타 공항역 • 공항 제2빌딩역 ~ 도쿄도 구내 • 기치조지 역 • 미타카 역 구간과 나리타 공항역 • 공항 제2빌딩역 ~ 오후나 역 • 오미야 역 • 다카오 역의 모든 역에 적용되었다. 그러다가 12월 10일 이후 그린 요금을 개정하여 구간과 관계없이 다음과 같이 변경되었다.
 JR 동일본의 인터넷 예약 서비스인 에키넷에서 나리타 익스프레스 지정석 티켓레스 예약을 접수하면 200엔(2012년 3월까지는 400엔) 할인을 받을 수 있다.
 또한 도쿄역 • 시나가와 역 • 신주쿠 역 • 이케부쿠로 역 ~ 지바 역 • 요쓰카이도 역 • 나리타 역 구간에서 유효한 것으로 ""보소 요금 회수권""이 있다. 예전에는 시나가와 역 ~ 오후나 역 구간에서 ""N'EX 요금 4회권""(N'EX料金4回券)이라는 특급 요금 회수권을 사용할 수 있었지만, 2006년 3월에 폐지되었다.
 이외의 특별 기획 승차권은 아래와 같다.
 이 승차권은 나리타 공항역 • 공항 제2빌딩역에서 도쿄전차특정구간 내의 역까지의 승차권, 보통칸 지정석 특급권, 오리지널 디자인의 무기명식 Suica가 세트로 되어 있으며, 편도만 적용되며, 나리타 익스프레스의 승차권과 특급권의 유효기간은 승차권 발행날짜 뿐이다.
 덧붙여, JR 동일본 패스, 도쿄 와이드 패스로도 이 열차를 이용할 수 있다.
 JR 동일본의 뷰 플라자 및 제휴 판매 센터 등 주요 여행사에서 나리타 공항 발착의 일본 국내, 또는 해외여행 상품 또는 나리타 공항 발착의 항공권의 구입 • 제시와 동시에 발매되는 특별 기획 승차권이었다. 보통칸 지정석용이었으며, 2매 혹은 3매씩 발매하였었다. 적용 구간은 도쿄전차특정구간의 역 - 공항 제2빌딩역 • 나리타 공항역 구간이었으며, 가격은 2매분은 4,800엔, 3매분은 7,200엔, 어린이 1매분은 1,200엔이었다.
 2013년 3월을 끝으로 폐지되었으며, 현재는 대체 후속 기획 승차권으로 ""N'EX 왕복 티켓""이 발매되고 있다.
 2013년 3월 1일부터 JR 동일본의 수도권의 주요 역의 지정석권매기, 뷰 플라자, 제휴 판매 센터, 주요 여행사 등에서 구입 가능한 특별 기획 승차권이다(단, 나리타 공항역 • 공항 제2빌딩역 및 양 역의 JR 동일본 방일 여행 센터에서는 구입 불가능). 승차 1개월 전부터 전 날까지만 발매 가능하며, 당일 발매는 불가능하다.
 유효기간은 14일이며, 보통칸용과 그린차용이 있다. 도중하차는 불가능하다. 미도리노마도구치에서는 구입할 수 없으며, 유효기간 내에 사용하지 않을 경우, 또는 돌아오는 티켓을 사용하지 않을 경우에 한하여 환불이 가능하다.
 N'EX 쿠폰과 비교하였을 때, 출발역에 따라 요금이 다르기 때문에, 도쿄도 내에서의 요금은 기존과 동일하지만, 도쿄도 내 이외에서의 요금은 기존보다 비싸졌다.
 2015년 3월 14일부터 발매 중인 방일 외국인 전용 특별 기획 승차권이다. 나리타 공항역 • 공항 제2빌딩역 ~ 도쿄역 • 시나가와 역 • 시부야 역 • 신주쿠 역 • 이케부쿠로 역 • 오미야 역 • 요코하마 역 • 오후나 역 구간의 나리타 익스프레스 보통칸 지정석을 왕복으로 이용할 수 있다.
 나리타 익스프레스 승차 후, 도중에 개찰구를 나가지 않으면 다른 열차(특급열차는 불가능)로 갈아타서 도쿄전차특정구간 내의 어느 역이든 하차할 수 있다.
 유효기간은 발매일로부터 14일까지이며, 가격은 이용 구간과 관계없이 일률 어른 4000엔, 어린이 2000엔이다.
 대기업 전용으로 발매되는 특별 기획 승차권으로, 보통칸 지정석 특급권 및 승차권이 하나로 되어 있는 회수권이다.
 나리타 익스프레스는 열차 특정 구간에 적용되기 때문에 승차 구간이 요요기 - 신주쿠 구간에 해당되는 경우, 주오 선 및 소부 선의 오차노미즈를 경유하는 것으로 요금이 계산된다.
 또 아카바네 - 이케부쿠로 구간까지 포함되는 경우, 아카바네 선 주조 경유로 요금이 계산된다.
 따라서, 오미야 - 나리타 공항 구간을 이용하는 경우 위의 두 가지 예가 적용된다. 위의 두 가지 예를 모두 적용하는 나리타 익스프레스 정기 운행 열차는 오미야 역에서 발착하는 2왕복뿐이다.
 또한, 시나가와 - 쓰루미 구간은 경로 특정 구간이기 때문에, 가와사키 경유로 요금이 계산된다.
 덧붙여 나리타 익스프레스가 운행하는 구간은대도시 근교 구간에 포함되기 때문에, 대도시 근교 구간 상호 발착의 승차권 운임은 승차 경로에 관계없이 최단 거리로 계산한다.
 아래의 경우에만 한정하여, 아래와 같이 기재된 역에서 승차 및 하차하는 경우에는, 다음의 편성으로 일반실에 승차할 수 있다.
 정기권과 특급권(지정석)이 없을 경우 입석 특급권, 또는 해당 구간에서 유효한 지정석 특급 회수권(指定席特急回数券)
 또한 위에서 언급한 대로 열차 특정 구간의 대상이기 때문에, 요요기 - 긴시쵸 구간의 경우 주오 선 및 소부 선의 오차노미즈를 경유하는 것이 적용되는 정기권으로도 도중 하차를 하지 않는 한 승차할 수 있다.
 일본 국유철도(국철)/JR이 처음 계획을 세운 도쿄도와 나리타 국제공항의 열차 연계 방법은 완공되지 않은 나리타 신칸센이었다. 그 이유는 당시 기존 철도로 나리타 국제공항까지 가려면, 나리타 선을 경유해서 운행했던 엘 특급 아야메 호나 소부 본선 직결 쾌속 열차를 이용하여 나리타 역까지 간 다음, 그곳에서 버스를 타야 했기 때문이다.
 나리타 공항역이 개업하기 전인 1989년부터 1990년까지 윙 오도리코가 나리타 - 이즈큐시모다 구간을 운행했었다.
 그리고 1991년 3월 19일에, 완공하지 못한 나리타 신칸센 구간을 활용한 나리타 공항역의 개설로, 나라타 역 직결의 쾌속 열차 연장하는 형태로 운행을 개시한 ""에어포트 나리타"" 및 나리타 익스프레스 운행이 시작됨으로써, JR에 의한 나리타 공항 접근이 실시되었다. 덧붙여 나리타 익스프레스 운행이 시작했을 때는 일부 열차를 제외하고 정령지정도시의 입구인 지바 역을 통과하는 데에서 그쪽 사람들의 비판도 있었다.
 당초에는, 도쿄 - 나리타 공항 구간을 6량으로 운행하여, 도쿄에서 분리 과정을 거쳐서 신쥬쿠/요코하마 방면으로 각각 3량 편성 운행을 하였다. 그러다가 버블 경제로 인한 해외 여행객의 증가로 1993년부터는 처음에 3량 편성 운행을 6량으로 운행을 하게 되었다.
 그 후, 1990년대 후반 이후 일본 경제의 침체로 인하여, 공항 이용객이 적은 이른 아침의 공항발과 저녁 퇴근 시간대의 공항행의 경우에는 도중에 정차하는 역을 늘려서, 통근 승객의 승차도 허용했다.",0
메이저 리그 베이스볼 최우수 선수상,"메이저 리그 베이스볼 최우수 선수상 (MVP)은 매년 아메리칸 리그와 내셔널 리그에서 뛰어난 성적을 기록한 선수 한 명에게 수여되는 메이저 리그 베이스볼 (MLB) 상이다. 1931년부터, 미국야구기자협회 (BBWAA)에서 상을 수여하고 있다. 2020년까지는, 수상자들은 1920년부터 1945년 11월 25일 사망할 때까지 메이저 리그의 첫 커미셔너를 맡았던 케네소 마운틴 랜디스에게서 이름을 딴 케네소 마운틴 랜디스 기념 야구상을 받았다. 몇몇 전 MVP 수상자들이 BBWAA에 그가 MLB 인종 통합에 반대한 것에 대해서 항의했고, 1944년부터 쓴 랜디스의 이름은 2020년부터 MVP 트로피에서 사라졌다.
 MVP 투표는 포스트시즌 전에 실시되지만 결과는 월드시리즈 종료 이후 발표된다. BBWAA는 1938년 각 리그 도시 당 3명의 기자가 투표하는 것으로 시작했고 1961년에는 리그 도시 당 2명으로 줄였다. BBWAA는 ""최우수""의 뜻을 명확하게 정하지 않고, 투표자 개개인에게 판단을 맡긴다.
 내야수 중에서는 1루수가 34명으로 가장 많이 MVP를 수상했고, 그 다음으로 2루수(16), 3루수(15), 유격수(15) 순으로 수상되었다. MVP를 수상한 투수 25인 중 15명이 우완 투수이고 10명이 좌완 투수이다. 투수 중에서는 월터 존슨, 칼 허벨, 할 뉴하우저 이 셋만이 두 차례 이상 MVP를 수상했다.
 행크 그린버그, 스탠 뮤지얼, 알렉스 로드리게스, 로빈 욘트는 서로 다른 포지션으로 MVP가 된 선수이다. 이 중 로드리게스는 유일하게 서로 다른 두 팀에서 서로 다른 두 포지션으로 MVP를 수상한 선수이다. 배리 본즈는 가장 많은 MVP를 수상횟수 (7)를 가지고 있으며, 최다 연속 수상자(4년 연속: 2001–04)이다. 지미 폭스는 최초로 두번의 MVP를 수상한 선수이다. 10명이 세 차례 MVP를 차지했고 두 차례 MVP를 수상한 선수는 19명이다. 프랭크 로빈슨은 내셔널 리그와 아메리칸 리그에서 모두 MVP를 수상한 유일한 선수이다.
 MVP 투표에서 동률이 나온 것은 키스 에르난데스와 윌리 스타젤이 같은 점수를 받은 1979년 내셔널 리그 수상이 유일하다. 지금까지 19명의 만장일치 수상자가 모든 1위 표를 받았다. 뉴욕 양키스에서 가장 많은 수상자인 22명이 나왔고, 그 뒤로 세인트루이스 카디널스가 19명의 수상자를 배출했다. 애리조나 다이아몬드백스, 뉴욕 메츠, 탬파베이 레이스 이 세 팀은 아직까지 MVP가 나오지 않은 팀이다.
 최근 10년 동안, 투수 수상자가 희귀해졌다. 아메리칸 리그로 따지면, 2011년 저스틴 벌랜더 이후 처음이다. 오타니는 처음으로 MVP를 수상한 투타겸업 선수이기도 하다.
 1910년 시즌 전, 차머스 오토모빌의 휴 차머스는 메이저 리그 베이스볼 시즌 종료 시까지 가장 높은 타율을 기록하는 선수에게 차머스 모델 30을 주겠다고 발표했다. 이미지 좋지 않은 디트로이트 타이거스의 타이 콥과 클리블랜드 인디언스의 냅 라조이는 1910년 메이저 리그 타격왕을 두고 경쟁했다. 시즌 마지막 날, 라조이는 세인트루이스 브라운스와의 경기에서 일곱 차례 번트 안타를 기록하며 콥의 타율을 넘어섰다. 아메리칸 리그 사무국장 밴 존슨은 재검토 결과 콥이 더 높은 타율을 기록했다 발표했고, 차머스는 두 선수 모두에게 차를 수여하였다.
 다음 시즌, 차머스는 차머스 상을 만들었다. 시즌 종료 후 야구기자협회는 ""구단과 리그에서 가장 중요하고 훌륭한 선수""의 결정을 위해 소집되었다. 차머스 상은 차머스가 기대한 만큼의 광고 효과가 없었고 1914년 이후 중단되었다.
 1922년 아메리칸 리그는 ""구단에 가장 큰 공헌을 한 선수""에게 수상할 새 상을 만들었다. 제임스 크루신베리가 협회장을 맡고 있는 야구 기자 8명으로 구성된 협회의 투표 결과로 선출된 수상자들은 동메달과 상금을 받았다. 투표자들은 각 팀에서 한 명의 선수를 골라야 했는데, 플레잉 코치와 이전 수상자들은 그 대상이 아니었다. 유명하게도, 이러한 기준 때문에 1928년에 폐지되기 전까지 베이브 루스가 MVP를 단 한 차례밖에 수상하지 못하게 되었다. 내셔널 리그 MVP는 이러한 제한 없이 1924년부터 1929년까지 진행되었다.
 미국야구기자협회의 최우수 선수상 (1931년~현재).
 BBWAA는 내셔널 리그가 리그 상을 수여한 방식으로 1931년 시즌 종료 후 처음으로 지금의 MVP를 시상했다. 도시마다 기자 한 명이 1위부터 10위까지의 투표하여 1위 표는 10점, 2위 표는 9점을 주는 식으로 10위까지에게 점수를 주는 형식이다. 그 이후 1961년에 유일하게 의미있는 변화가 일어났다. 투표자의 수가 리그 도시당 2명으로 줄어든 것이었다.",0
아령,"아령 (啞鈴) 또는 덤벨 (dumbbell)은 웨이트 트레이닝에 쓰이는, 주로 한손으로 드는 기구이다. 플라스틱이나 쇠붙이로 이루어져 있으며 양끝에 무거운 쇠뭉치가 달려 있다. 무게 조절이 가능한 아령과 무게가 고정된 아령 두가지가 있다.
 대한민국에서는 웨이트 트레이닝이 서양권의 정보를 중심으로 널리 보급됨에 따라, 아령보다는 덤벨이라는 용어가 더 많이 쓰이는 추세이다.
 아령의 역사는 11세기 인도로 거슬러 올라가는데, 인도에서는 나무의 봉 바깥쪽에 돌을 묶어 붙인 인디언 클럽(indian club)을 천 년 넘게 사용했다. 운동하던 사람들은 이 기구를 날(Nal)이라고 불렀다. 19세기 초에는 한 손잡이의 양쪽 끝에 두 개의 동일한 형태의 무거운 물체가 부착된 기구가 나타났는데 이것이 지금까지 이어져 아령 또는 덤벨로 불리고 있다.
 아령은 20세기 보디빌더 및 운동선수들을 중심으로 웨이트 트레이닝이 널리 보급되며 대중화되었다. 아령의 영어 낱말 dumbbell은 ""말 못하는""의 뜻을 갖는 dumb와, 교회의 범종을 뜻하는 bell이 합쳐져 이루어진 낱말이다. 문자 그대로 ""소리를 내지 않는 벨""을 사용하여 운동을 하던 역사적 흔적이 남아 있는 말이다.
 덤벨은 이두박근 혹은 삼두박근을 키우기 위해 한손으로 행하는 팔운동에 주로 사용되지만, 그 외에도 다양한 운동에 이용된다. 예를 들어 웨이트 트레이닝에서 가장 대표적인 3가지 운동인 데드리프트, 벤치프레스, 스쿼트는 주로 바벨을 이용하여 행하는 운동으로 알려져 있지만, 이는 모두 덤벨로 대체하여 행할 수 있다. 미국에서는 해마다 혼자 벤치프레스를 하다가 목이 짓눌려 사망하는 사고가 잇따르고 있는데, 바벨이 아닌 덤벨로 벤치프레스를 행하면 이러한 사고를 예방할 수 있다.",0
진부,"부교위, 전수대부(한나라 식으로는 남양태수)를 역임했으며, 녹림군의 장군 유인과 싸워 패사했다.
 전한 평제 시기, 흉노가 전한 서역도호부에 원한을 품고 투항한 거사후왕과 거호래왕을 돌려보내도록 명하는 사절단에서 중랑장 한륭(韓隆)·왕창(王昌) 다음 부교위로 참여했다. 이후 전한과 흉노가 계속 교섭하여 중국인·오손인·중국의 인수를 받은 서역인·오환인이 흉노에 투항하면 받지 못하게 했고, 이 4개조를 흉노에 전하는 사절단에서 또 중랑장 왕준·왕창 다음 부교위로 참여했다. 시건국 원년(9년), 신나라가 창건되고서 흉노에 오위장 왕준 다음으로 사절단으로 갔는데, 이 사절단의 임무는 흉노에게 주는 인장의 격을 새(璽)에서 장(章)으로 낮추는 것이었다.
 이후 전수대부가 되었는데, 지황 3년(22년) 11월, 전수군에서 전한의 종실인 유인이 반란을 일으켰다. 전수군의 저명한 씨족 이씨 가문의 이통이 유인에 가담하자, 이를 왕망에게 보고했다. 마침 장안에서는 이통의 아버지 이수(李守)가 반신 활동을 벌이다 들통나 사로잡혔는데, 이를 들은 왕망은 분노해 이수를 죽였고, 전수군에서도 이통의 형제들과 문중 64명을 죽이고 그 시체를 전수군 치소가 있는 완현의 시장에서 불태웠다. 유인은 녹림군 중 신시병과 평림병을 끌어들여, 장취(長聚)·당자향(唐子鄕)을 도륙하고 호양위(湖陽尉)를 죽이고 극양(棘陽)현을 함락했으며 완까지 공격하려 들었다. 극양현장 잠팽이 일가족을 거느리고 달아나 오자, 극양을 지키지 못한 것에 분노해 잠팽의 어머니와 아내를 구금하고 공적으로 보상하게 했다. 전수속정 양구사(梁丘賜)와 함께 소장안취(小長安聚)에서 녹림군과 싸웠는데, 안개가 짙은 틈을 타 녹림군을 크게 무찔렀다. 유인의 동생 유중·누나 유원과 그의 세 딸을 추격해 살해했고, 그 외에도 유지의 처자와 유가의 처자 등 유인의 일족 수십 명을 죽였다.
 유인이 물러나 극양을 지키자, 승세를 타서 치중을 남양군 비양현 남(藍)향에 두고 정병 10만을 거느리고 황순수(黃淳水)를 건너 비수(沘水)에 이르렀다. 그 두 강 사이에 영채를 세우고 다리를 끊어 물러날 생각이 없음을 보였다. 유인은 돌아가려는 신시병과 평림병을 회유하고 다른 녹림군의 일파인 하강병까지 끌어들여, 사흘을 쉰 후 군을 6부로 나누어 밤중에 기습을 해, 신나라 군은 남향에 둔 치중들을 모조리 빼앗겼다. 다음날, 유인의 한군이 남서쪽에서 공격해 오고, 하강병은 남동쪽에서 양구사를 공격해 오니, 밥 먹을 때 즈음에 둘 다 군대가 무너져 내려 흩어져 달아났으나 추격이 거세 목이 잘리고 물에 빠져 죽은 이가 2만여 명에 이르렀다. 진부도 양구사와 함께 목이 잘렸다. 지황 4년(23년) 정월 갑자일 초하루(그레고리력으로는 23년 2월 22일)의 일이었다.",0